output_id, output
17b80ad2_0, |0000000000000000|0000000000000000|0000000000000000|0000000000000000|0000000000000000|0000000000000000|0000000000000000|0000000000000000|0000000000000000|0000000000000000|0000000000000000|0000000000000000|0000000000000000|0000000000000000|0000000000000000|0000000000000000|0000000000000000|
52fd389e_0, |0000000000000000000|0000000000000000000|0000000000000000000|0000000000000000000|0000000000000000000|0000000000440000000|0000000000044400000|0000000000000000444|4400000000444000000|0044434000000004444|6400000000000444444|4444004464440000000|0000434464644400444|4640000000000044444|4446400464444000000|0000000044644440044|4644000000000000004|4446440044444400000|0000000004444444000|
85fa5666_0, |00300300|00022000|00022000|00700600|70060000|02200000|02200000|30030000|
505fff84_0, |201020|228200|002220|
3f23242b_0, |00000000|00000000|00000000|00000000|00000000|00000000|00000000|00000030|00003030|00000000|00000000|
31adaf00_0, |5555555555|5555555555|5555555555|5555555555|5555555555|5555555555|5555555555|5555555555|5555555555|5555555555|
aa300dc3_0, |5555555555|5555555555|5555555555|5555555555|5555555555|5555555555|5555555555|5555555555|5555555555|5555555555|
e760a62e_0, |0008000800080008000800000080|0080083008000800000080208020|8020802080008888888888888888|8888888000802080008000802080|0000820080038300800820000080|0080008000800080008888888888|8888888888888000800080008000|8000800000280008000800080008|2000308030800080008030803088|8888888888888888888880308030|8000800080308030008000800080|0080008200000800080008000800|0800088888888888888888888888|0008000800080008000800000282|0080083008002820000080208000|8000802080008888888888888888|8888888000802080208020802080|0000080008003830080008000000|8000800080008000800000080008|0008000800080000008000800830|0800080000008020802080208020|8000888888888888888888888880|0080208000800080208000008200|8003830080082000008000800080|0080008000888888888888888888|8888800080008000800080008000|0028000800080008000820003080|3080008000803080308888888888|
9b2a60aa_0, |00000000000000|00000000000020|80080040300000|00000000000000|00000000000000|00000000000000|00000000022000|00000000000002|
00576224_0, |00|00|
50a16a69_0, |000000|000000|000000|000000|000000|000000|
ba9d41b8_0, |00000000|77777777|77777777|77777777|77777777|77777777|77777777|77777777|00000000|
18419cfa_0, |000000000000000000000000|000000000000000000000000|000000000000000000000000|000000000000000000000000|000000000000000000000000|000000000000000000000000|000000000000000000000000|000000000000000000000000|000000000000000000000000|000000000000000000000000|000000000000000000000000|000000000000000000000000|000000000000000000000000|000000000000000000000000|000000000000000000000000|000000000000000000000000|000000000000000000000000|000000000000000000000000|000000000000000000000000|000000000000000000000000|000000000000000000000000|000000000000000000000000|000000000000000000000000|000000000000000000000000|000000000000000000000000|
ed74f2f2_0, |0000000|0005050|0550005|
16b78196_0, |000000000333333300000000000000|000000000333333300000000000000|000000000033333000000000000000|000000000003333300888800000000|000444400333333300088880000000|000040000333333300008888000000|004440000033333300000800000000|000444400333333300000000000000|000000000333333300000000000000|000000000333333300000000000000|000000000333333300000000000000|000000000333333000000000000000|000000000333333000000000000000|000000000033333000000000000000|000000000033333300000000000000|000000000333333300000000000000|000000000333333300000022000000|000000000333333000000222200000|000000000033333000000220000000|000000000003333300000022000000|000000000033333300000000000000|000000000333333300000000000000|000000000333333300000000000000|000000000333333300000000000000|000000000033333300000001000000|000000000333333300000111000000|000000000333333300000111000000|000000000333333000000001000000|000000000333333300000000000000|000000000333333300000000000000|
e0fb7511_0, |1111111111111|1111111111111|1111111111111|1111111111111|1111111111111|1111111111111|1111111111111|1111111111111|1111111111111|1111111111111|1111111111111|1111111111111|1111111111111|
0f63c0b9_0, |000000000000000|000000000000000|000803000308000|008001000100800|000000202000000|003100000001300|000020000020000|000000000000000|000020000020000|003100000001300|000000202000000|008001000100800|000803000308000|000000000000000|000000000000000|
1acc24af_0, |000000000000|000000000000|011100011100|010110010100|110011110111|000000000000|000000000000|000000000000|000000000000|000010000010|001000000000|000000000000|
dd2401ed_0, |000200020020020|100000200000000|000000002000002|005020000002000|015000002000200|105200000000000|005000200020002|
d94c3b52_0, |0000000000000000000000000|0111008001110000001000100|0101088000100010011101100|0111000801110000001000010|0000000000000000000000000|0110011101110111011101110|0010001001010010001001010|0011011101110111011101110|0000000000000000000000000|0111001000100000001000000|0010011101100010011100100|0111001000010000001000000|0000000000000000000000000|0010001001110010011000100|0111011001010111001001100|0010000101110010001100010|0000000000000000000000000|
256b0a75_0, |0000000000000|0000000000000|0000000000000|0000000000000|0000000000000|0000000000000|0000000000000|0000000000000|0000000000000|0000000000000|0000000000000|0000000000000|
5d2a5c43_0, |444444444|444444444|444444444|444444444|444444444|444444444|
5d2a5c43_1, |444444444|444444444|444444444|444444444|444444444|444444444|
e5790162_0, |00600000000|00000600000|38080000803|00000000600|00008000000|00008008000|00060000006|00800000808|
ae58858e_0, |00000000|00000000|00000000|00000000|00000000|00000000|
9c1e755f_0, |0000000000|5555555555|4005005004|2005005002|2005005002|2005005002|1005005001|8685005868|3335005333|0000000000|
917bccba_0, |000000600000|000000600000|007777777700|007000600700|007000600700|667666666766|007000600700|007000600700|007000600700|007777777700|000000600000|000000600000|
0d87d2a6_0, |10001000000000000001000|00000010001000000100000|00000000100020100002020|00001000000010000000000|00000010000002000100000|00200000000000002000000|00000000000000100010000|00000000001000000000100|01000000100000000000001|00020100002020000010000|00010000000000000000100|00002000100000002000000|00000002000000000000000|00000100010000000000000|01000000000100010000001|00000000000001000201000|02020000010000000100000|00000000000100000020001|00000002000000000000020|00000000000000000001000|10000000000000010000000|
551d5bf1_0, |00000000000000000000000|00000011111111100111111|11100000100111111111100|01111111111111100111111|11111111111111001111111|11111111111110011111111|11111111111100111111111|11110011111111111111111|11111001111111111111100|11111111111110011111111|11111111111111100001111|11111111111111000000111|11111111000011111111111|11100111111111111111111|11110011111111111111111|11111001111111111111100|11111111111111111111001|11111111111111110011111|11111111111111111001111|11111111111111111100111|11111111000111111111100|11111111000001111111110|01111100000000000000000|
e1baa8a4_0, |3333333333333|3333333333333|3333333333333|3333333333333|3333333333333|3333333333333|3333333333333|3333333333333|
0e671a1a_0, |0000000000000|0000020300000|0040000000400|0000000000000|0000000000000|0200000000030|0000000000000|0200000000030|0000000000000|0000000000000|0040000000400|0000020300000|0000000000000|
b942fd60_0, |000000000000|000000000000|000000000000|000000000000|000000000000|000000000000|000000000000|000000000000|000000000000|000000000000|
575b1a71_0, |5555555555|5555555555|5555555555|5555555555|5555555555|5555555555|5555555555|5555555555|5555555555|5555555555|
8ee62060_0, |00000000000000|00000000000000|00000000000000|00000000000000|00000000000000|00000000000000|00000000000000|00000000000000|00000000000000|00000000000000|00000000000000|00000000000000|00000000000000|00000000000000|
2c737e39_0, |0101|0101|0101|0101|0101|0101|0101|
f8be4b64_0, |00000000000000|00000000000000|00000000000000|00000000030000|00030000032300|00032300000300|00000343000000|33000000383000|00000313000000|30000303000300|00000000030303|00000000000000|00300000000000|00000030000000|
506d28a5_0, |24202|00202|00001|00010|10002|42020|02020|00010|00101|
69889d6e_0, |0200000020|2000000002|0000110000|0001111000|0011001100|0011001100|0001111000|0000110000|2000000002|0200000020|
8a371977_0, |1111111111111111111111111111|1111111111111111111111111111|1111111111111111111111111111|1111111111111111111111111111|1111111111111111111111111111|1111111111111111111111111111|1111111111111111111111111111|1111111111111111111111111111|1111111111111111111111111111|1111111111111111111111111111|1111111111111111111111111111|1111111111111111111111111111|1111111111111111111111111111|1111111111111111111111111111|1111111111111111111111111111|1111111111111111111111111111|1111111111111111111111111111|1111111111111111111111111111|1111111111111111111111111111|1111111111111111111111111111|1111111111111111111111111111|1111111111111111111111111111|1111111111111111111111111111|1111111111111111111111111111|1111111111111111111111111111|1111111111111111111111111111|1111111111111111111111111111|1111111111111111111111111111|
45737921_0, |000000000|000000000|000000000|000000000|000000000|000000000|000000000|000000000|
32e9702f_0, |0000000000|0000000000|0000000000|0000000000|0000000000|0000000000|0000000000|0000000000|0000000000|0000000000|
456873bc_0, |2222000000000002222|2000000000000002000|2002000000000002002|2022000000000002022|
0934a4d8_0, |779|729|729|779|447|447|661|666|161|
f4081712_0, |8855|8885|6626|2266|6612|6661|
bf32578f_0, |00000000|00000000|00000000|00000000|00000000|00000000|00000000|00000000|
55059096_0, |00000000030|00000003330|03300000333|00030000000|30000003000|30000000333|03330000000|30000000000|33300000000|30000000000|33303330000|00000030000|00003330000|00000030000|00300000000|00333000000|
f3b10344_0, |000000000000000000000000000|000000000000000000000000000|000000000000000000000000000|000000000000000000000000000|000000000000000000000000000|000000000000000000000000000|000000000000000000000000000|000000000000000000000000000|000000000000000000000000000|000000000000000000000000000|000000000000000000000000000|000000000000000000000000000|000000000000000000000000000|000000000000000000000000000|000000000000000000000000000|000000000000000000000000000|000000000000000000000000000|000000000000000000000000000|000000000000000000000000000|000000000000000000000000000|000000000000000000000000000|000000000000000000000000000|000000000000000000000000000|000000000000000000000000000|000000000000000000000000000|000000000000000000000000000|000000000000000000000000000|000000000000000000000000000|
4364c1c4_0, |8888888|8888888|8884848|8888844|4888888|2228888|8822288|8888888|8888888|8888888|8888888|8888888|
5207a7b5_0, |0|0|0|0|5|0|0|
c64f1187_0, |000000000000000|000000400800200|300000000010000|100100000000000|000000000000000|000000000000000|000000000000000|000000555505500|082250250000000|000000000000005|555055000533505|500000000000000|000000055550550|005535045000000|000000000000000|555505500085550|450000000000000|
f3e62deb_0, |0000000000|0000000000|0000000000|0000000000|0000444000|0000404000|0000444000|0000000000|0000000000|0000000000|
f3e62deb_1, |0000000000|0000000000|0000000000|0000000000|0000000000|0003330000|0003030000|0003330000|0000000000|0000000000|
13713586_0, |000000000000000000|000000000000000000|003333333333333300|000000000000000000|088800000000000000|000000000000000022|222222044440000000|000000000000000000|000000000000000000|000000000004444022|204444000000000000|000000088800000000|008880000000000000|000000003333300000|000000000000000000|000000000000000555|
712bf12e_0, |5500050500555|0000000000000|0000005005050|0050550005050|0000000000550|0000550005055|0000050000500|0005500000500|0005050505502|0005500050500|5550000000000|0000000005005|0500050550005|
c8b7cc0f_0, |000000000|000000000|000000000|000000000|000000000|000000000|000000000|000000000|000000000|
1d0a4b61_0, |1111111111111111111111111|1281551821281551821281551|1521881251521881251521881|1111111111111111111111111|1851221581851221581851221|1851221581851221581851221|1111111111111111111111111|1521881251521881251521881|1281551821281551821281551|1111111111111111111111111|1281551821281551821281551|1521881251521881251521881|1111111111111111111111111|1851221581851221581851221|1851221581851221581851221|1111111111111111111111111|1521881251521881251521881|1281551821281551821281551|1111111111111111111111111|1281551821281551821281551|1521881251521881251521881|1111111111111111111111111|1851221581851221581851221|1851221581851221581851221|1111111111111111111111111|
7d1f7ee8_0, |888888888888888|888888888888888|888888888888888|888888888888888|888888888888888|888888888888888|888888888888888|888888888888888|888888888888888|888888888888888|888888888888888|888888888888888|888888888888888|888888888888888|888888888888888|888888888888888|888888888888888|888888888888888|888888888888888|888888888888888|
2753e76c_0, |000088880888808|088800008808800|880000000008888|088880808880000|880880088000000|000888808888080|888000088088008|800000000088880|888808088800008|808800880000000|008888088880808|880000880880088|000000000888808|888080888000088|
1a6449f1_0, |0000000000000000000000000|0000000000000000000000000|0000000000000000000000000|0000000000000000000000000|0000000000000000000000000|0000000000000000000000000|0000000000000000000000000|0000000000000000000000000|0000000000000000000000000|0000000000000000000000000|0000000000000000000000000|0000000000000000000000000|0000000000000000000000000|0000000000000000000000000|0000000000000000000000000|0000000000000000000000000|0000000000000000000000000|0000000000000000000000000|0000000000000000000000000|0000000000000000000000000|0000000000000000000000000|0000000000000000000000000|0000000000000000000000000|0000000000000000000000000|0000000000000000000000000|0000000000000000000000000|0000000000000000000000000|
981571dc_0, |193599394426333663336244939953|935597354622333443332264537955|355933992226333663336222993395|559595956262646116462626595959|993918893336421441246333988193|973585813334222442224333185853|339988593336122442216333958899|959591996461444994441646991959|442633367558366666638557633362|462233345551694334961555433322|222633365575644994465755633362|626264618158639449368518164626|333642143666182882816663412463|333422246943862222683496422243|333612246449222882229446422163|646144496394828668284936944416|646144496394828668284936944416|333612246449222882229446422163|333422246943862222683496422243|333642143666182882816663412463|626264618158639449368518164626|222633365575644994465755633362|462233345551694334961555433322|442633367558366666638557633362|959591996461444994441646991959|339988593336122442216333958899|973585813334222442224333185853|993918893336421441246333988193|559595956262646116462626595959|355933992226333663336222993395|
1d398264_0, |000|000|000|
1d398264_1, |000|000|000|
696d4842_0, |00000000000000000000|00000000000000000000|00220000000000000000|00020000000000000000|00020000000000000000|00022220006000000000|00000000000000000000|00000000000000000000|00000000000000000000|00000000000000000000|00000000000000000000|00000300000000000000|00000300000000000000|00000300000030000000|00000333333330000000|00000000000000000000|00000000000000000000|00000000000000000000|00000000000000000000|00000000000000000000|
58743b76_0, |00000000000000|00000000000000|00000000000000|00000000000000|00000000000000|00000000000000|00000000000000|00000000000000|00000000000000|00000000000000|00000000000000|00000000000000|00000000000000|00000000000000|
12eac192_0, |1010055|5510100|5555101|0055551|0100555|
42918530_0, |00000000000000000000000|00000000000000000000000|00000000000000000000000|00000000000000000000000|00000000000000000000000|00000000000000000000000|00000000000000000000000|00000000000000000000000|00000000000000000000000|00000000000000000000000|00000000000000000000000|00000000000000000000000|00000000000000000000000|00000000000000000000000|00000000000000000000000|00000000000000000000000|00000000000000000000000|00000000000000000000000|00000000000000000000000|00000000000000000000000|00000000000000000000000|00000000000000000000000|00000000000000000000000|
50f325b5_0, |34332333303333333|33033333333433323|33333333333333333|33333333333333333|33333333334332333|30333333333033333|33343332333333333|33333333333333333|33333333333333333|33433233330333333|33303333333343332|33333333333333333|33333333333333333|33333333333433233|33033333333303333|33334333233333333|
e4075551_0, |0000000000|0000000000|0000000000|0000040400|0000000000|0000000000|0000000000|0000000000|0000000000|0700000000|0700000300|0002000000|3200000230|
e6de6e8f_0, |2020020|0020220|2202202|2022020|0200020|2202202|2022022|0200200|
136b0064_0, |00000000000|00000000000|00000000000|00000000000|00000000000|00000000000|00000000000|00000000000|00000000000|00000000000|00000000000|00000000000|00000000000|00000000000|00000000000|00000000000|00000000000|00000000000|00000000000|
e66aafb8_0, |684|594|894|
40f6cd08_0, |000000000000000000000000000000|001122844482211000000000000000|001122844482211000000000000000|001122844482211000111111111110|001122844482211000111111111110|001122844482211000111111111110|001122844482211000111111111110|001122844482211000111111111110|001122844482211000111111111110|001122844482211000111111111110|001122844482211000111111111110|000000000000000000111111111110|000000000000000000111111111110|000000000000000000111111111110|001111111111111100111111111110|001111111111111100111111111110|001111111111111100111111111110|001111111111111100111111111110|001111111111111100000000000000|001111111111111100000000000000|001111111111111100000000000000|001111111111111100000000000000|001111111111111100000000000000|001111111111111100000000000000|001111111111111100000000000000|001111111111111100000000000000|000000000000000000000000000000|000000000000000000000000000000|000000000000000000000000000000|000000000000000000000000000000|
5b692c0f_0, |3333333333|3333333333|3333333333|3333333333|3333333333|3333333333|3333333333|3333333333|
e345f17b_0, |65566666|56656556|66665665|65566666|
e345f17b_1, |0600|0505|0600|0005|
f83cb3f6_0, |000000000000000|000000000000000|000000000000000|000000000000000|000000000000000|000000000000000|000000000000000|000000000000000|000000000000000|000000000000000|
c074846d_0, |0|0|0|
c074846d_1, |0|0|0|0|
94133066_0, |00000000000000000000000000|00000000000000000000000000|00000000000000000000000000|00000000000000000000000000|00000000000000000000000000|00000000000000000000000000|00000000000000000000000000|00000000000000000000000000|00000000000000000000000000|00000000000000000000000000|00000000000000000000000000|00000000000000000000000000|00000000000000000000000000|
3ee1011a_0, |000000000|000000000|000000000|000000000|000000000|000000000|000000000|000000000|000000000|000000000|000000000|000000003|000000000|000000000|000000000|
93c31fbe_0, |000001000000000000000000|000000000000000001000000|000000000000000000000000|000001000000000000000000|000000000000000001000000|000000000000000000000000|000001000000000000000000|000000000000000001000000|000000000000000000000000|000001000000000000000000|000000000000000001000000|000000000000000000000000|000001000000000000000000|000000000000000001000000|000000000000000000000000|000001000000000000000000|000000000000000001000000|000000000000000000000000|000001000000000000000000|000000000000000001000000|000000000000000000000000|000001000000000000000000|000000000000000001000000|
84db8fc4_0, |1001011113|0003030100|0103301333|3131103301|1130130110|1301301103|1130030333|3111131031|3000331011|1031100013|
4b6b68e5_0, |000008888888888888|088888888888888888|888888880000088888|888888880888888888|888888888888888800|000888888888888808|888888888888888888|888888000008888888|888888088888888888|888888888888880000|088888888888880888|888888888888888888|888800000888888888|888808888888888888|888888888888000008|888888888888088888|888888888888888888|880000088888888888|880888888888888888|888888888800000888|
79fb03f4_0, |08808088800008888008880000|80000000000008800080008080|00088080000808008000000080|88888080000000800800808800|80080008008008008000888800|80800818000000800000000800|08000880000800000000000808|00001000880080808008800081|88000080000000000008000088|00808000888800080008180880|80008888080088080880880800|08008008080808880808080000|80080088088088080080880800|88080810080800088880000800|81880000000000000000800008|80008800080008800081000080|80000000000800000880000000|00000008000800010088080088|88800808008100800808008000|08800000000000008888000000|00800800800080808000080800|80008800000000000088800080|88080888000088080880088080|88800008888008880000800000|00000008800080008080000880|80000808008000000080888880|
6a11f6da_0, |10111|10100|01100|01110|10101|
3979b1a8_0, |00000|00000|00000|00000|00000|
845d6e51_0, |00880000000880000|00000000000000000|88000008800000008|80000000000000000|00000880000088000|00008800000000000|00000000008800000|88000000088000000|00000000000000088|00000880000000880|00000000000000000|00088000008800000|00880000000000000|00000000880000088|00000008800000000|00000000000008800|00088000000088000|
5ffb2104_0, |00000|00000|00000|00000|00000|00000|00000|00000|00000|00000|
bbb1b8b6_0, |1100|5003|3100|1503|
bbb1b8b6_1, |1111|5200|0011|0522|
d931c21c_0, |1111111111111111111111111|1111111111111111111111111|1111111111111111111111111|1111111111111111111111111|1111111111111111111111111|1111111111111111111111111|1111111111111111111111111|1111111111111111111111111|1111111111111111111111111|1111111111111111111111111|1111111111111111111111111|1111111111111111111111111|1111111111111111111111111|1111111111111111111111111|1111111111111111111111111|1111111111111111111111111|1111111111111111111111111|1111111111111111111111111|1111111111111111111111111|1111111111111111111111111|1111111111111111111111111|1111111111111111111111111|1111111111111111111111111|1111111111111111111111111|1111111111111111111111111|1111111111111111111111111|
62ab2642_0, |050000050050|050005550550|555005055500|005555050550|000500050050|050000050050|050005550550|555005055500|005555050550|000500050050|
cad67732_0, |0000000000|0000000000|0000000000|0000000000|0000000000|0000000000|0000000000|0000000000|0000000000|0000000000|
fafd9572_0, |00000000000|00000000000|00000000000|00700000000|00000000000|00000000000|00000700000|00000000000|00000000000|00000000700|00000000000|
2685904e_0, |8800000000|2364624439|0000000000|5555555555|0000000000|0000000000|5555555555|0000000000|2364624439|8800000000|
7d419a02_0, |0000000000000000000008|8888088880888808800888|8888888888888880000000|0000000000000008888088|8880888888800888880888|8888888880000000000000|0000000008888888888888|8888800888088888088888|8880000000000000000000|0008888808866088880080|0888888886680888888000|0000000000000000000888|8880088888800880088888|8888888888880000000000|0000000000000888888888|8888888080088808800880|
5783df64_0, |000000073|020000000|000000004|000000000|000000000|080000000|000500600|000000090|000000073|
31d5ba1a_0, |09900|99044|94409|90099|04494|40990|
31d5ba1a_1, |90000|90009|44444|44900|00900|09444|
1990f7a8_0, |00000000000000|00000022200000|22200000002200|22200000200222|02222002002222|22222220022222|20002222000222|20000022000002|20000000220000|02020000000202|00000220000000|22000002222000|
fb791726_0, |9|9|9|
d017b73f_0, |02011003|05522001|03300500|
48f8583b_0, |000|000|000|
05a7bcf2_0, |000000000020000000080000000000|000000000022200000080000000000|000000000022000000080000000000|000000000022000000080000000000|000000000022200000080000000000|000000000022000000080000000000|000000000022222000080000000000|000000000022220000080000000000|000000000020000000080000000000|000000000020000000080000000000|000000000022200000080000000000|000000000022000000080000000000|000000000020000000080000000000|000000000022200000080000000000|000000000022220000080000000000|000000000022000000080000000000|000000000020000000080000000000|000000000022000000080000000000|000000000020000000080000000000|000000000022000000080000000000|000000000022200000080000000000|000000000022222000080000000000|000000000022000000080000000000|000000000022200000080000000000|000000000022220000080000000000|000000000022000000080000000000|000000000022000000080000000000|000000000022200000080000000000|000000000022200000080000000000|000000000020000000080000000000|
e872b94a_0, |55555555|55555555|55555555|55555555|55555555|55555555|55555555|55555555|55555555|
aee291af_0, |000000000000000000|000000000000000000|000000000000000000|000000000000000000|000000000000000000|000000000000000000|000000000000000000|000000000000000000|000000000000000000|000000000000000000|000000000000000000|000000000000000000|000000000000000000|000000000000000000|000000000000000000|000000000000000000|000000000000000000|000000000000000000|
7bb29440_0, |000000000000000000000000|000000000000000000000000|000000000000000000000000|000000000000000000000000|000000000000000000000000|000000000000000000000000|000000000000000000000000|000000000000000000000000|000000000000000000000000|000000000000000000000000|000000000000000000000000|000000000000000000000000|000000000000000000000000|000000000000000000000000|000000000000000000000000|000000000000000000000000|000000000000000000000000|000000000000000000000000|000000000000000000000000|000000000000000000000000|000000000000000000000000|000000000000000000000000|
7039b2d7_0, |0000000000000000|0000000000000000|0000000000000000|0000000000000000|0000000000000000|0000000000000000|0000000000000000|0000000000000000|0000000000000000|0000000000000000|0000000000000000|0000000000000000|0000000000000000|0000000000000000|0000000000000000|0000000000000000|
0c786b71_0, |0000|0000|0000|
b457fec5_0, |000000000000000000000|000000010000000001000|000000000000001000000|000000000000000000000|000000000000000000000|000000000000000000000|000011110000000000000|001001000000000010000|000000000000000000013|420000000000000001342|000000000000001000000|000000000000000000000|000010000000001000000|000000000001000000000|000000000000000000000|000000000000000000000|000000000000000000000|011110000000000000001|001000000000010000000|000000000000000013420|000000000000001342000|000000000001000000000|000000000000000000000|010000000001000000000|000000001000000000000|000000000000000000000|
292dd178_0, |000000000000000|000000000000000|000000000000000|000000000000000|000000000000000|000000000000000|000000000000000|000000000000000|000000000000000|000000000000000|000000000000000|
137f0df0_0, |5555555555|5555555555|5555555555|5555555555|5555555555|5555555555|5555555555|5555555555|5555555555|5555555555|
9772c176_0, |888888888888888|888888888888888|888888888888888|888888888888888|888888888888888|888888888888888|888888888888888|888888888888888|888888888888888|888888888888888|888888888888888|888888888888888|888888888888888|888888888888888|888888888888888|888888888888888|888888888888888|888888888888888|888888888888888|
7c9b52a0_0, |0000000000000|0000000000000|0000000000000|0000000000000|0000000000000|0000000000000|0000000000000|0000000000000|0000000000000|0000000000000|0000000000000|0000000000000|0000000000000|
92e50de0_0, |00000000000000000000030000000|00000000000000800000000000000|00000000000000000000000000008|00000000000000000000000000000|00000000000000000000000000000|00008000000000000000000000000|00000000000000000000000000000|00000000000080000000000000000|00000000000000000000000000000|00080000000000000000800088000|00000000000000000008000000000|00000000000000000000000000008|00000000000000000000000000000|00000000000000000000000000000|00000008000000000000000000000|00000000000000000000000380800|80080080080080080000000000000|00000000300000000000000000000|08000000000000000000000000000|00000000000000080000000000000|00000000000000000000000000000|00000000000000000000800000000|00000000000000000000000000000|00000000000000000000000000008|00000000000000000000000000000|00000000000000000008000000000|00000008000880000000000000000|00000080000000000000000000000|00000000000000080000000000000|
60c09cac_0, |666|116|616|616|
195ba7dc_0, |770000|207700|707000|027007|077770|
73182012_0, |00000000|00000000|00000000|00000000|00000000|00000000|00000000|00000000|
9110e3c5_0, |0000000|0000000|0000000|0000000|0000000|0000000|0000000|
9110e3c5_1, |0000000|0000000|0000000|0000000|0000000|0000000|0000000|
e633a9e5_0, |000|000|000|
c35c1b4c_0, |0066660660|2606906026|2669999066|2009909602|9999996000|9999999900|0099996600|2999999626|0029069026|6002060662|
b4a43f3b_0, |200155|002001|
5b526a93_0, |0000000000000000|0000000000000000|1110000000000000|0000000000000010|1000000000000000|0000000000001110|0000000000000000|0000000000000000|0000000000000000|0000000000000000|0000000000000000|0000001110000000|0000000000000000|0000101000000000|0000000000000000|0011100000000000|0000000000000000|0000000000000000|0000000000000000|0000000000000000|0000000000000000|0000000000000000|
d282b262_0, |000686000000000|000868000000000|000686025252000|000000052525000|000000025252000|002100052525000|001200025252000|000000000000000|000000000000000|035000000000000|053000084800000|000000048400000|000000084800000|001700000000000|007100000000000|
7ee1c6ea_0, |7011700777|1555555557|1500101757|0571701751|7577017151|7501707751|1577111150|0517777057|0555555550|0171070077|
ccd554ac_0, |88888|88888|88888|88888|88888|
358ba94e_0, |01111|10000|00000|00000|11101|
f0df5ff0_0, |000700607000003|204037007070008|000780627010272|010020026000078|600601000200864|004660048008087|876000077448007|300100300007080|008686761660407|087078070800804|440003002003848|008010837678087|000080060300300|060000631030013|460000800022006|
e7a25a18_0, |0000000000|0000000000|0000000000|0000000000|0022222222|2200002000|2000200020|0020002066|2000206620|0020004433|
e9b4f6fc_0, |000000000|000000000|000000000|000000000|000000000|000000000|000000000|000000000|000000000|000000000|
73ccf9c2_0, |0000000000000000|0000000000080000|8880000000088000|0088000008088888|0088808008888888|8888800888888888|8888888880080888|8888888888808000|8888888888888888|8800008888888800|8888880008088888|8000080800000888|8000000880000000|0888800000080000|0808888880000888|0800088888888008|8800008888888888|
5289ad53_0, |00000000|00033330|00000000|00000000|00000000|00000000|00000000|00000333|30000000|00000002|20000000|00000000|00033000|
477d2879_0, |0503000000000|0001001111100|0011001000100|1110001100110|0070000100010|0000000108010|0000000100010|0000011100060|0000010000010|1111111111110|0000000010000|0004000110000|0000000100000|
e21a174a_0, |0000000|0444440|0404040|0055500|0606060|0060600|0000000|
e21a174a_1, |333333|333333|333333|
42a15761_0, |222022202220222|022222202220202|020202022220222|022202220222222|022202220202022|222202220222022|202222020222020|202020202222022|202220222022222|
414297c0_0, |000000000000000000000|000000000000000000000|000000000000000000000|000000000000000000000|000000000000000000000|000000000000000000000|000000000000000000000|000000000000000000000|000000000000000000000|000000000000000000000|000000000000000000000|000000000000000000000|000000000000000000000|000000000000000000000|000000000000000000000|000000000000000000000|000000000000000000000|000000000000000000000|000000000000000000000|000000000000000000000|000000000000000000000|000000000000000000000|000000000000000000000|
929ab4e9_0, |588661369644446963166885|815855666336633666558518|856585969544445969585658|685168635954459536861586|658631434556655434136856|155816464463364464618551|369644858356653858446963|666336555815518555633666|969544855856658558445969|635954388131131883459536|434556515318813515655434|464463656188881656364464|464463656188881656364464|434556515318813515655434|635954388131131883459536|969544855856658558445969|666336555815518555633666|369644858356653858446963|155816464463364464618551|658631434556655434136856|685168635954459536861586|856585969544445969585658|815855666336633666558518|588661369644446963166885|
8719f442_0, |555|555|555|
4c177718_0, |000000000500000|010000500000110|005010010050100|000000005008800|000000005020000|000000005022200|000000005020005|555555555555550|000000005008800|100222508810011|002058801001000|205800000000000|005000000000000|
4c177718_1, |000000000500000|000005000000005|330000005300000|000005033300000|000005000200000|000005022200000|000005000200000|000050000000000|005010000000005|011000001100005|011100001110005|
21f83797_0, |0000000000000|0000200020000|0002000002000|0020000000200|0200000000020|0000000000000|0000000000000|0000000000000|0200000000020|0020000000200|0002000002000|0000200020000|0000000000000|
d56f2372_0, |000000000000000000|000000000000000000|000000000000000000|000000000000000000|000000000000000000|000000000000000000|000000000000000000|000000000000000000|000000000000000000|000000000000000000|000000000000000000|000000000000000000|000000000000000000|000000000000000000|000000000000000000|000000000000000000|000000000000000000|000000000000000000|000000000000000000|
baf41dbf_0, |000|000|060|000|000|000|
7d18a6fb_0, |0000000000000000|0000000000000000|0000000000000000|0000000000000000|0000000000000000|0000000000000000|0000000000000000|0000000000000000|0000000000000000|0000000000000000|0000000000000000|0000000000000000|0000000000000000|0000000000000000|
a04b2602_0, |0003333333300333333333|3333333300033333333333|3333000333333333333333|3333333333333333333333|3333333333333333333333|3333333333333333333333|3333333333333333333333|3333333333333333333333|3330003333332003333000|3333330333330003333333|3003333333333333333300|0333333333333333000333|3333333333333333333333|3333333333333333333333|3333333333333333333333|3333333333333333333333|
e5c44e8f_0, |22202020222|22022022022|20000200002|02000200020|22000300022|00223032200|22000300022|02000200020|20000200002|22022022022|22202020222|
fd096ab6_0, |11111111111111111111111|11111111111111111111111|11111111111111111111111|11111111111111111111111|11911111111111111111111|11111111111111115511111|11111111191111111665111|14111111119111111111111|11111111441181111119112|11111111611111111881111|11111121111111111112214|41111111111111111711111|11111111111111111111117|11111111111111111111111|11711111111111121111111|11111711111111111111211|11111111111111111131111|11112111111111111111111|11131111111111111111111|11111111113111111111111|11111111111111133111111|11211111111616171111113|11111111211111111161111|
f3cdc58f_0, |0300000000|0230021000|0302000003|0001000100|0001000200|3010300000|0000000300|0000000000|1000001003|0000230232|
cd3c21df_0, |00000000000|00000000000|00050000000|00050000000|00000088000|00000884000|00000000000|00000000000|00000000000|00000400000|
4aab4007_0, |1111111111111111111111111111|1111111111111111111111111111|1144444444444444444444444444|1143219135791357913579135791|1142791357913579135791357913|1141913579135791357913579135|1149135791357913579135791357|1141357913579135791357913579|1143579135791357913579135791|1145791357913579135791357913|1147913579135791357913579135|1149135791357913579135791357|1141357913579135791357913579|1143579135791357913579135791|1145791357913579135791357913|1147913579135791357913579135|1149135791357913579135791357|1141357913579135791357913579|1143579135791357913579135791|1145791357913579135791357913|1147913579135791357913579135|1149135791357913579135791357|1141357913579135791357913579|1143579135791357913579135791|1145791357913579135791357913|1147913579135791357913579135|1149135791357913579135791357|1141357913579135791357913579|
e69241bd_0, |000008000|500000000|000000000|000000000|000000000|000000800|050000000|000000000|000000000|
e681b708_0, |00010010101011111111111111|11111111111110101001010101|11010101011101111111111111|11111110011010101111110011|11110110111111110011101011|00000100101010111111111111|11111111111111101010010101|01110101010111011111111111|11111111100110101011111100|11111101101111111100111010|11000001001010101111111111|11111111111111111010100101|01011101010101110111111111|11111111111001101010111111|00111111011011111111001110|10110000010010101011111111|11111111111111111110101001|01010111010101011101111111|11111111111110011010101111|11001111110110111111110011|10101100000100101010111111|11111111111111111111101010|01010101110101010111011111|11111111111111100110101011|11110011111101101111111100|
59341089_0, |000|000|000|
6ea4a07e_0, |300|333|003|
6ea4a07e_1, |050|550|005|
817e6c09_0, |000000000000000|000000000000000|000000000000000|000000000000000|000000000000000|000000000000000|
ac605cbb_0, |000000000|000013000|310000000|000100300|262003000|020002000|
140c817e_0, |00000000000000|00000000000000|00000000000000|00000000000000|00000000000000|00000000000000|00000000000000|00000000000000|00000000000000|00000000000000|00000000000000|00000000000000|00000000000000|00000000000000|
25094a63_0, |613338133881631231113122682386|166881336388211368831211238882|113631683863128182132111111836|131211822213183631131111111263|112316888888888813111111111368|613186888888888811316111116283|333383888888888813116288888813|331321888888888881132632188821|123213888888888868882831336131|312316888888888838661383328881|331128888888888838161862811163|611216832281638263213361286222|132812881322223338321166383316|812631328133112366831813323363|881328112121111333888333136113|683281311311838833363331363226|381182332816166863123888116331|881236331883368181223838826861|318233633631131181318281121336|888128831133336333333138288122|683812838318331333333828883311|816312881138231333333383833131|212218631388822333333881311326|113663223263862333333311338333|136183213313833333333313333812|113882222886833333333221618686|331118833328233333688221112188|663336338888136833811161262638|121321333313866181621633383118|362636233311611218121313363338|
9a4bb226_0, |000000000|000000000|000000000|000000000|000000000|000855001|770000000|558001710|000000557|170000000|
b7999b51_0, |88888|
aa18de87_0, |00600000|60606000|60600060|60000000|60000060|
1e97544e_0, |23456789123456789123456|33456789123456789123456|34456789123456789123456|34556789123456789123456|00000000023456789123456|00000000023456789123456|34560000023456789123456|34560000000456789123456|34560000000456789123456|34567891000456789123456|34567891000456789123456|34567891234456789123456|34567891234556789123456|34567891200000789123456|34567891200000789123456|34567891200000889123456|34567891200000899123456|34567891234567891123456|34567891234567891223456|34567891234567891233456|34567891234567891234456|34567891234567891234556|34567891234567891234566|
8597cfd7_0, |000000000|000000000|040000200|040000200|040000000|000000000|000000000|000000020|004000000|000000000|
b7f8a4d8_0, |00000000000000000000000000000|00000000000000000000000000000|00000000000000000000000000000|00000000000000000000000000000|00000000000000000000000000000|00000000000000000000000000000|00000000000000000000000000000|00000000000000000000000000000|00000000000000000000000000000|00000000000000000000000000000|00000000000000000000000000000|00000000000000000000000000000|00000000000000000000000000000|00000000000000000000000000000|00000000000000000000000000000|00000000000000000000000000000|00000000000000000000000000000|00000000000000000000000000000|00000000000000000000000000000|00000000000000000000000000000|00000000000000000000000000000|00000000000000000000000000000|00000000000000000000000000000|00000000000000000000000000000|00000000000000000000000000000|00000000000000000000000000000|00000000000000000000000000000|00000000000000000000000000000|00000000000000000000000000000|
3d31c5b3_0, |505005|050005|555000|
ff72ca3e_0, |000000000000000000|000000000000000000|000005005000000000|000500000000000000|000000000000400000|000400000000000000|000400000000000000|000000000000000005|000000000000000000|000000000000000000|000000000000000000|500050050050050005|000000000000000050|000000000000000000|000005000000000000|000050000040000550|000400000000400005|000000000500000000|000000000000000000|000000000000005000|000000000500000005|000050000050000000|000000000000000000|000000000000000000|000500000000500000|000000000000000000|
8ba14f53_0, |444|000|777|
ed98d772_0, |666|666|666|
a57f2f04_0, |0000000000000000|0000000000000000|0000000000000000|0000000000000000|0000000000000000|0000000000000000|0000000000000000|0000000000000000|0000000000000000|0000000000000000|0000000000000000|0000000000000000|0000000000000000|0000000000000000|0000000000000000|0000000000000000|0000000000000000|0000000000000000|0000000000000000|0000000000000000|
27f8ce4f_0, |000|000|000|
b15fca0b_0, |2111111112|1111111111|1111111111|1111111111|1111111111|1111111111|1111111111|1111111111|1111111111|2111111112|
5b6cbef5_0, |2222|2222|2222|2222|
c3202e5a_0, |00000000000000000000000000000|00000000000000000000000000000|00000000000000000000000000000|00000000000000000000000000000|00000000000000000000000000000|00000000000000000000000000000|00000000000000000000000000000|00000000000000000000000000000|00000000000000000000000000000|00000000000000000000000000000|00000000000000000000000000000|00000000000000000000000000000|00000000000000000000000000000|00000000000000000000000000000|00000000000000000000000000000|00000000000000000000000000000|00000000000000000000000000000|00000000000000000000000000000|00000000000000000000000000000|00000000000000000000000000000|00000000000000000000000000000|00000000000000000000000000000|00000000000000000000000000000|00000000000000000000000000000|00000000000000000000000000000|00000000000000000000000000000|00000000000000000000000000000|00000000000000000000000000000|00000000000000000000000000000|
df8cc377_0, |05000000000000000400|00000000011111111150|50000000500050010000|00010000005000000000|01000000010500400004|00000501000000010000|00000000500001000000|01004000000500004001|11111111000000400000|00000000000000005000|00000040000000050000|00000000000000000500|
1c0d0a4b_0, |00000000000|00000000000|00000000000|00000000000|00000000000|00000000000|00000000000|00000000000|00000000000|00000000000|00000000000|
4852f2fa_0, |00004000|80400080|80000888|00004000|00000088|80000408|08008800|08008080|
4852f2fa_1, |0404404|0000400|0400008|0000400|8800448|8444008|8004000|0800004|0004000|
ac3e2b04_0, |003200220020020|002000200020002|000200020002002|002200200020002|003200220020020|002000200020002|000200020002002|002200200020002|003200220020020|002000200020002|000200020002002|002200200020002|003200220020020|002000200020002|000200020002002|002200200020002|
bcb3040b_0, |000000000000000000|000000000000000000|000000000000000000|000000000000000000|000000000000000000|000000000000000000|000000000000000000|000000000000000000|000000000000000000|000000000000000000|000000000000000000|000000000000000000|000000000000000000|000000000000000000|000000000000000000|000000000000000000|000000000000000000|000000000000000000|
891232d6_0, |0070070000|0000000000|7000000000|0000000070|0000070000|0070000000|0070700000|0000000000|0070707000|7007777700|0070000007|0700770000|0000000000|0000000000|0000000000|0077770007|0000000000|
c6e1b8da_0, |00000000000000000000|02222220000000000000|02222220888800000000|02288888888800000000|02222220888800000000|00000000888800001000|00000000000000001000|00000000000000111110|00000000000000111110|00000000000000111110|00033333333000111110|00033333333000111110|00033333333000000000|00033333333000000000|00033333337000000000|00000000007000000000|00000007777770000000|00000007777770000000|00000007777770000000|00000000000000000000|
72207abc_0, |0000|
14754a24_0, |5555555555555555555|5555555555555555555|5555555555555555555|5555555555555555555|5555555555555555555|5555555555555555555|5555555555555555555|5555555555555555555|5555555555555555555|5555555555555555555|5555555555555555555|5555555555555555555|5555555555555555555|5555555555555555555|5555555555555555555|5555555555555555555|5555555555555555555|5555555555555555555|5555555555555555555|
da515329_0, |000000000|000000000|000000000|000000000|000000000|000000000|000000000|000000000|000000000|
e9ac8c9e_0, |7777|7777|7777|7777|
8fbca751_0, |880880088000|808008000080|888880808888|800880088888|008808000000|080088000808|888088008800|080800800008|
c1990cce_0, |0000000|0200000|0000000|0000200|0000000|0000000|2000000|
d2acf2cb_0, |004000000|000000000|000000000|000000000|000000400|400000000|000000000|000000000|000000000|000040040|
695367ec_0, |00000|00000|00000|00000|00000|
4cd1b7b2_0, |0123|0311|3041|0402|
626c0bcc_0, |0000000|0000000|0000000|0000000|0000000|0000000|0000000|
ac0c5833_0, |000|000|000|
d37a1ef5_0, |000000000|000020020|000002002|000502002|050002002|005002002|005002002|000000200|200000020|
08573cc6_0, |0000000000000|0000000000000|0000000000000|0000000000000|0000000000000|0000000000000|0000000000000|0000000000000|0000000000000|0000000000000|0000000000000|0000000000000|0000000000000|
e74e1818_0, |000000000000000|000000000000000|000000000000000|000000000000000|000000000000000|000000000000000|000000000000000|000000000000000|000000000000000|000000000000000|000000000000000|000000000000000|000000000000000|000000000000000|000000000000000|
759f3fd3_0, |000303030000|003030300000|030303000333|333333330003|030300033333|333333333333|333330003030|300000030303|000000303030|000003030300|000030303000|000303030000|
6ad5bdfd_0, |7|7|
4acc7107_0, |0000000000|2222003330|0002000000|0022000000|0000000000|0003300000|0333302220|0003002220|0000000000|0000000000|
103eff5b_0, |000000000000|000000000000|000000000003|000004400000|000000220000|000000000000|000000000000|000000000000|000000000000|000000030000|044000000000|002200000000|
ce039d91_0, |0000000000|0000000000|0000000000|0000000000|0000000000|0000000000|0000000000|0000000000|0000000000|0000000000|
e41c6fd3_0, |00044|00040|00440|00044|00040|
58e15b12_0, |0000|0000|0000|0000|0000|
00dbd492_0, |22222222222222222|22222222222222222|22222222222222222|22222222222222222|22222222222222222|22222222222222222|22222222222222222|22222222222222222|22222222222222222|22222222222222222|22222222222222222|22222222222222222|22222222222222222|22222222222222222|22222222222222222|22222222222222222|22222222222222222|22222222222222222|22222222222222222|
2697da3f_0, |000000|000000|440000|444000|444444|
d4c90558_0, |000000000000000000000|000000000000000000000|000000000000000000000|000000000000000000000|000000000000000000000|000000000000000000000|000000000000000000000|000000000000000000000|000000000000000000000|000000000000000000000|000000000000000000000|000000000000000000000|000000000000000000000|000000000000000000000|000000000000000000000|000000000000000000000|000000000000000000000|000000000000000000000|000000000000000000000|
a406ac07_0, |7796644333|7000000003|9000000003|9000000004|6000000004|6000000006|6000000006|4000000009|3000000007|3346669977|
e1d2900e_0, |0000000000000000000000000000|0000000000000000000000000000|0000000000000000000000000000|0000000000000000000000000000|0000000000000000000000000000|0000000000000000000000000000|0000000000000000000000000000|0000000000000000000000000000|0000000000000000000000000000|0000000000000000000000000000|0000000000000000000000000000|0000000000000000000000000000|0000000000000000000000000000|0000000000000000000000000000|0000000000000000000000000000|0000000000000000000000000000|0000000000000000000000000000|0000000000000000000000000000|0000000000000000000000000000|0000000000000000000000000000|0000000000000000000000000000|0000000000000000000000000000|0000000000000000000000000000|0000000000000000000000000000|0000000000000000000000000000|0000000000000000000000000000|0000000000000000000000000000|
e7b06bea_0, |8|8|8|8|8|8|8|8|8|
6df30ad6_0, |0300200007|0000000000|7000550003|0005555000|0005555000|0200550003|0000000000|0000000070|3070000000|0003007020|
f5c89df1_0, |0000000000000|0000000000000|0000000000000|0020000020000|0000808000000|0008808800000|0000838000000|0000080000000|0000000000000|0000000000000|0000000000000|0000000000000|0000000000000|
81c0276b_0, |0000|8000|0800|
2037f2c7_0, |00000000000000000000000|00000000000000000000000|00000000000000000000000|00000000000000000000000|00000000000000000000000|00000000000000000000000|00000000000000000000000|00000000000000000000000|00000000000000000000000|00000000000000000000000|00000000000000000000000|00000000000000000000000|00000000000000000000000|
9356391f_0, |3200100000000000|5555555555555555|0000000000000000|0000000000000000|0000000000000000|0000000000000000|0000000000000000|0000000000000000|0000000000000000|0000000000000000|0000000000300000|0000000000000000|0000000000000000|0000000000000000|0000000000000000|0000000000000000|
e57337a4_0, |666666666|666666666|666666666|666666666|666666666|666666666|666666666|666666666|666666666|666666666|666666666|666666666|
e7639916_0, |000000000|000000008|000800000|000000000|000000000|008000000|000000000|008000000|000000000|000000000|
54db823b_0, |000000000333330|003333330333330|003333330333330|003333330333330|000000000333330|333330000333330|333330000000000|333330000000000|333330333330000|333330333330000|333330333330333|000000333330333|333300000000333|333300000000333|333300000000333|
184a9768_0, |05000000|00000000|00044440|00000000|00010001|00105010|01000100|00000005|00000000|00000000|03000000|0000021610|00000050|00000000|00000000|44440000|
8dae5dfc_0, |8888888888888|8888888888888|8888888888888|8888888888888|8888888888888|8888888888888|8888888888888|8888888888888|8888888888888|8888888888888|8888888888888|8888888888888|8888888888888|
e7dd8335_0, |0000000000|0000000000|0000000000|0000000000|0000000000|0000000000|
a59b95c0_0, |000|000|000|
af24b4cc_0, |00000000|00000000|00000000|00000000|00000000|00000000|00000000|
4ff4c9da_0, |00000000888000088000088008|80000111100100100100100100|11000010000111100001110010|01100010010010000010000010|01100010010010011100000000|88800008800008800880000111|10010010010010010011000010|00011110000111001001100010|01001000001000001001100010|01001001110000000088800008|80000880088000011110010010|01001001001100001000011110|00011100100110001001001000|00100000100110001001001001|11000000008880000880000880|08800001111001001001001001|00110000100001111000011100|10011000100100100000100000|10011000100100100111000000|00888000088000088008800001|11100100100100100100110000|10000111100001110010011000|10010010000010000010011000|10010010011100000000888000|08800008800880000111100100|10010010010011000010000111|
da2b0fe3_0, |0000000000|0222222220|0222222220|0222222220|0222222220|0222222220|0222222220|0222222220|0222222220|0000000000|
da2b0fe3_1, |0000000000|0000000000|0006666000|0066666600|0066666600|0066666600|0066666600|0006666000|0000000000|0000000000|
e9bb6954_0, |0000000000140|0000000000140|0000000000140|0000000000140|0000000000140|0000000000140|0000000000140|0000000000140|0000000000140|0000000000140|0000000000140|0000000000140|0000000000140|0000000000140|0000000000140|
705a3229_0, |0000000000|0000000030|0000000000|0000000000|0800000000|5000000500|0000000600|
bf699163_0, |00000000000000|00000000000000|00000000000000|00000000000000|00000000000000|00000000000000|00000000000000|00000000000000|00000000000000|00000000000000|00000000000000|00000000000000|00000000000000|
95a58926_0, |000005010001000015001005|100000001000005000005000|005000100015100005000005|010001110000005000005000|005000005100000005000005|000005000005001555555555|551115555551551555000005|000005000005000005000000|005000005001005000005000|000005000005000005101005|001000001101005010005000|005010000105000001000001|000005010551555555555555|155555155555000005000005|000005000005000000005000|001001005000005000000005|001005000005000005010000|005000005000005000005000|000005001005000005101005|000155555551555155551155|555155000005000005000105|
72a961c9_0, |00000000000|
762cd429_0, |000000000000000000000000000000|000000000000000000000000000000|000000000000000000000000000000|000000000000000000000000000000|000000000000000000000000000000|000000000000000000000000000000|000000000000000000000000000000|110000000000000000000000000011|880000000000000000000000000088|000000000000000000000000000000|000000000000000000000000000000|000000000000000000000000000000|000000000000000000000000000000|000000000000000000000000000000|000000000000000000000000000000|000000000000000000000000000000|
20818e16_0, |2222|2222|1111|1111|
9caba7c3_0, |5055055000555055550|0555000505555505505|0050000505550555505|0550500055505255505|5005005555550225500|5550555500505050055|5250505555055050555|5525505505555055055|5550050000555500500|5505505050505505055|5555505500555055555|5555005000000005055|5500505550550055525|5555525555050050255|5050552500500505555|5555525550555505555|0555550505055055505|5505000050555000055|5550500050500500555|
5833af48_0, |000000000000000000000000000|000001811810828200000081111|802288000000181181088220000|000000000000000882800000000|000000000000000000000100100|100100100100100100100100100|100000000000000000000000000|000000000000000000000000000|000000018118108282000000811|118022880000001811810882200|000000000000000008828000000|000000000000000000000001001|001001001001001001001001001|001000000000000000000000000|000000000000000000000000000|000000000181181082820000008|111180228800000018118108822|000000000000000000088280000|000000000000000000000000010|
e133d23d_0, |066|400|806|
332efdb3_0, |00000000000|00000000000|00000000000|00000000000|00000000000|00000000000|00000000000|00000000000|00000000000|00000000000|00000000000|
c92b942c_0, |0|
2b01abd0_0, |0000000000000000|0000000000000000|0000000000000000|0000000000000000|0000000000000000|0000000000000000|0000000000000000|0000000000000000|0000000000000000|0000000000000000|0000000000000000|0000000000000000|0000000000000000|0000000000000000|
45bbe264_0, |00000000|00000000|00000000|00000000|00010100|80000080|00000000|80000000|04040000|00000000|00000000|
c7d4e6ad_0, |0000000000|0000000000|2000550500|2005555500|3005000000|3005550000|3000050000|4005555000|7005550000|0000000000|
15663ba9_0, |0000000000000000|0000000000000000|0000000000000000|0000000000000000|0000000000000000|0000000000000000|0000000000000000|0000000000000000|0000000000000000|0000000000000000|0000000000000000|0000000000000000|0000000000000000|0000000000000000|0000000000000000|
b7cb93ac_0, |0000000|0000000|0000000|0880006|0808006|6000000|
bf89d739_0, |000000000000|000000000000|020000000000|000000000000|000000000000|200000000000|000000000000|020020000000|200200000000|000020000000|
ce8d95cc_0, |0000000000000|0000000000000|0000000000000|0000000000000|0000000000000|0000000000000|0000000000000|0000000000000|0000000000000|0000000000000|0000000000000|0000000000000|
ad7e01d0_0, |00002|20000|00002|20000|00002|
351d6448_0, |5522222235322|5230002222320|2223000222232|0223332222222|3225552222223|5322523000222|2320222300022|2232022333222|2222322555222|2223532252300|0222232022230|0022223202233|3222222232255|5222222353225|
48131b3c_0, |1111|1111|1111|1111|
4e45f183_0, |0000000000000000000|0114440444440444440|0144440444440444440|0444440444440444440|0444440444410441440|0444440444110411140|0000000000000000000|0444110411140114110|0444410441440144410|0444440444440444440|0444440444440144410|0444440444440114110|0000000000000000000|0444440444440444440|0144440444440444410|0114440444440444110|0144440144440444410|0444440114440444440|0000000000000000000|
cf133acc_0, |000000000000000|000000000000000|222022000220222|555555555555555|000000000000000|000000000000000|333033303330333|000000000000000|999999999999999|000000000000000|000000000000000|444444444444444|000000000000000|000600000006000|000600808006000|
d5c634a2_0, |222222222|222222222|222222222|222222222|222222222|222222222|222222222|222222222|222222222|222222222|
d5c634a2_1, |000000000|000220002|220000000|022202200|000222000|022022200|002220000|220002200|
12997ef3_0, |001100000|000100000|000060200|000000000|000060308|020000000|
12997ef3_1, |00000|10000|00011|00000|00100|70000|00000|00000|00000|
0c9aba6e_0, |0002|0220|2002|0220|2022|0002|
7e02026e_0, |888888888888|888888888888|888888888888|888888888888|888888888888|888888888888|888888888888|888888888888|888888888888|888888888888|888888888888|888888888888|
66e6c45b_0, |0000|0230|0490|0000|
070dd51e_0, |0000000000000000|0000000000000000|0003000000000000|5000000000002000|0000000000200000|0000000000000000|0000080000000080|0000000000070000|7000000000000070|0007000000000000|0000000000000000|0000000500000000|0005000000550000|0050000000800000|0008000000000000|7000070000000000|0000000000000000|0000008000080000|
bd14c3bf_0, |000000000000000000|000000000000000000|000000000000000000|000000000000000000|000000000000000000|000000000000000000|000000000000000000|000000000000000000|000000000000000000|000000000000000000|000000000000000000|000000000000000000|000000000000000000|000000000000000000|000000000000000000|000000000000000000|000000000000000000|000000000000000000|
19bb5feb_0, |000000000000000|000000000000000|000000000000000|000000000000000|000000000000000|000000000000000|000000000000000|000000000000000|000000000000000|000000000000000|000000000000000|000000000000000|000000000000000|000000000000000|
be03b35f_0, |01100|00001|00011|00000|01000|
692cd3b6_0, |000000000000000|000000000222000|002220000250000|002520000222020|002220000002520|000000000002220|000000000000000|000000000000000|000000000000000|000000000002220|002220000002520|002520000222020|002220000250000|000000000222000|000000000000000|
212895b5_0, |00000000000000000050000|00000000000000000050050|00055000005000500000000|05500000500055000055000|00000000000550000008880|00000000000000888000000|00050000008880000005005|00050000000000005000500|00000000500000000005000|00000000055000000050055|00000000000005000000000|00050000500000500000050|00050005505005500050050|50000005005000500000000|00000000005000000505000|55000000000005000000000|00050000000005000000000|00050000000000000000000|00000000000000500000000|00000000000000500500005|50000050005000000000550|
03560426_0, |0000000000|0000000000|0000000000|0000000000|0000000000|0000000000|7000000000|7088060000|7088060330|7088060330|
62b74c02_0, |0000|0038|8300|0000|
009d5c81_0, |00000000000000|00000000000000|00000000000000|00000000000001|00000000000001|00000000000000|00000000000000|00000000000000|00000011100000|00000010100000|00000001000000|00000000000000|00000000000000|00000000000000|
992798f6_0, |0000000000000000|0000100000010000|0002000000002000|0020000000000200|0100000000000010|0000000000000000|0000000000000000|0000000000000000|0000000000000000|0000000000000000|0000000000000000|0100000000000010|0020000000000200|0002000000002000|0000100000010000|0000000000000000|
3a301edc_0, |000000|000000|000000|000000|000000|000000|
9ddd00f0_0, |1111011110101111111|1011110011111111011|1100111111110111100|1111000000000000000|0000111100011110101|0111110001111000000|0000000000000000111|1001111011111111001|1110111111110101111|0111111110011110111|1000000000000000000|0001111011110011110|1111001111011111010|1111011111111011110|1011111111011110011|1111110111100111111|1101111001111000000|0000000000000111100|0111101010111110001|
c48954c1_0, |000|000|000|
8e2edd66_0, |111|111|111|
0607ce86_0, |0033000000000000300000|0228320228220328220003|0338330338330338330300|0338330338330338330000|3883380888880883880000|0888830888880888880000|0000000000000000000300|0000000000030000330000|0238220223230228220003|0338330338330338330300|0338330338330338330000|0888883888830888380000|0888380838880888880000|0000300000000033030000|0000003000000000000303|0228220228220228220000|0338330338330338330030|0333330338330338330000|0388880883380883880300|0888880883880388880000|0003000000000000000030|0000300000303003000030|
b20f7c8b_0, |0000000000000000888888|0222220066666000883838|0211120066666000883338|0221220066666000883838|0211120066666000888888|0222220066666000888888|0000000000000000844888|0000000000000000848488|0222220022222000844888|0211120021212000888868|0212120021122000888666|0221220021212000888868|0222220022222000888888|0000000000000000858588|0000000000000000885588|0000000000000000858588|0000000000000000888888|0000000000000000888888|
c87289bb_0, |080080080080|080080080080|080080080080|080080080080|080080080080|000022000022|220000000000|000000000000|000000000000|000000000000|
310f3251_0, |444|400|440|044|
319f2597_0, |45756231786942425127|11755127191748472958|91867476955581484785|42955282779614983392|19238431134635112646|14356111167395835626|77192469155852224212|26612948278257322477|42668921324583748521|32489895216812579185|13727352393272179857|16466559232467399966|86522321496949771593|37759874229500867667|69563757789500423326|28535671474495134447|78479578746853314197|45994557985886283724|16143654174786595412|25267886645875436355|
2546ccf6_0, |000008000008000008|000000000080000080|000080000000200800|200800000800000002|228222008000008000|000002080200080000|080000088888888888|888888888888000208|000008000008000000|022280000080000080|000000200800000800|110800000000008000|008001018000000000|080000080001080000|088888888888888888|888888000008000008|000108010000000080|000080010181010000|000800000800110801|
1c02dbbe_0, |000010010000000|015555555555510|055555555555550|055555555555550|055555555555550|055555555555551|055555555555550|055555555555550|055555555555553|055555555555550|755555555555550|055555555555550|055555555555550|075555555555530|000000007003000|
2a5f8217_0, |2002220000|2220222202|0200222000|0222022220|2020022200|0022202222|0202002220|0002220222|2020200222|0000222022|2202020022|
fea12743_0, |00000000000|00220002200|02000000020|02002020020|00022022000|00000000000|02200000220|02002020020|00002020000|00220002200|00000000000|02222002200|02002020000|02002020020|00220000220|00000000000|
fd4b2b02_0, |0|0|
67636eac_0, |0000000000000000|0000000000000000|0000000000000000|0000000000000000|0000000000000000|
833dafe3_0, |99199009|12199009|92129009|92129111|92129111|92129009|12199009|99199009|
f823c43c_0, |3331311133333333|3131313133111111|3311111333333111|3313111133333333|1311133333333313|1313133111111331|1111333333111331|3111133333333131|1133333333313131|3133111111331111|1333333111331311|1133333333131113|3333333313131313|3111111331111133|3333111331311113|3333333131113333|
3b4c2228_0, |000|000|330|
3b4c2228_1, |30030033|00033003|20000002|03302233|00033332|33003003|30003300|32000000|
ca8f78db_0, |111111111111111111111111111111|147258361472583614725836147258|111111111111111111111111111111|147258361472583614725836147258|111111111111111111111111111111|147258361472583614725836147258|111111111111111111111111111111|147258361472583614725836147258|111111111111111111111111111111|147258361472583614725836147258|111111111111111111111111111111|147258361472583614725836147258|111111111111111111111111111111|147258361472583614725836147258|111111111111111111111111111111|147258361472583614725836147258|111111111111111111111111111111|147258361472583614725836147258|111111111111111111111111111111|147258361472583614725836147258|111111111111111111111111111111|147258361472583614725836147258|111111111111111111111111111111|147258361472583614725836147258|111111111111111111111111111111|147258361472583614725836147258|111111111111111111111111111111|147258361472583614725836147258|111111111111111111111111111111|147258361472583614725836147258|
dc2aa30b_0, |11101110111|11101110111|11101110111|00000000000|11101110111|11101110111|11101110111|00000000000|11101110111|11101110111|11101110111|
c663677b_0, |543243215432432154324321543|456778914567789145677891456|369314713693147136931471369|273849512738495127384951273|471414714714147147141471471|384949513849495138494951384|297575312975753129757531297|111111111111111111111111111|543243215432432154324321543|456778914567789145677891456|369314713693147136931471369|273849512738495127384951273|471414714714147147141471471|384949513849495138494951384|297575312975753129757531297|111111111111111111111111111|543243215432432154324321543|456778914567789145677891456|369314713693147136931471369|273849512738495127384951273|471414714714147147141471471|384949513849495138494951384|297575312975753129757531297|111111111111111111111111111|543243215432432154324321543|456778914567789145677891456|369314713693147136931471369|
dc2e9a9d_0, |00000300000000000000000|00000000033330000000000|00030000000033333300000|00003333000000003330030|00000000300000000030000|00000333333300000003333|00000000033333030000000|00000000000003000033000|00000000000000000300003|00000000000000000333333|00000000000000000000000|00000000000000000000000|00000000000000000000003|33300000000000000000000|03333000000033000000000|00003300300000000000000|00000003300300000000030|00000000000033330000000|00000000000000333300000|00333300000000000000000|00000000000000000000000|00000000000000000000000|00000333333000000000003|33333000000300003000000|00000300003000003300003|00000000000300003300000|30000000000333330300000|
aab50785_0, |00000000000000000|00000000000000000|00000000800000000|00000000000000000|00000000000000000|00000000000000000|00000000000000000|00000000000000000|00000000000000000|00000000000000000|00000800000000000|00000000000000000|00000000000000000|00000000000000000|00000000000000000|
f45f5ca7_0, |2000000000|4000000000|3000000000|2000000000|0000000000|2000000000|3000000000|0000000000|4000000000|2000000000|
9bebae7a_0, |000|000|000|
a8610ef7_0, |000000|000000|000000|000000|000000|000000|
27a77e38_0, |986342917|216978436|443127679|912849821|
aa4ec2a5_0, |4444444444444444444444|4444444444444444444444|4444444444444111141141|1114444441111411111411|1144444411114111114111|1444444444111111144444|4444411111144444444111|1114444444411111144444|4444111111111444441114|1111111144111444441111|1144111111114444444444|4111111114444444444411|1111111144444114411111|1111411114444411111141|1111111144444444111111|1111111444444441111111|1111114444444411111111|1111144444444441111111|1144444444411114111111|1111144444441111411111|1111114114444441111411|1111111114444444444444|
3194b014_0, |00000060000000000000|00000000000000000000|00000000000000000000|00000000000000000000|00000000000000000000|00000000000000000000|00000000000000000000|00000000000000000005|50000000000600000000|00000000000000000000|00000000000000000000|00000000000000000000|00000000000000000000|00000000000000000000|00000000000000000000|00000000000000000000|00005500000000006000|00000000000000000000|00000000000000000000|00000000000000000000|
cfb2ce5a_0, |0000000000|0441187000|0411100000|0111460000|0114450000|0806500000|0700003000|0000000000|0000000000|0000000000|
516b51b7_0, |00000000000000000|00000000000000000|00000000000000000|00000000000000000|00000000000000000|00000000000000000|00000000000000000|00000000000000000|00000000000000000|00000000000000000|00000000000000000|00000000000000000|00000000000000000|00000000000000000|00000000000000000|
ecaa0ec1_0, |00000000000|00000000000|00000040400|00000000000|00001110400|00001810000|00001110000|00040000000|00000000000|00000000000|00000000000|
34b99a2b_0, |0800|4500|0080|8455|0588|
ea9794b1_0, |0000000000|0000000000|0000000000|0000000000|0000000000|0000000000|0000000000|0000000000|0000000000|0000000000|
15113be4_0, |00040004000400044444444|00040004000400040000774|04040004000400040000774|44444444444444447777774|00040004000400047777774|00040004000400047700004|00040004000400047700004|44444444444444444444444|00040004000400040004000|00040004000400040004000|00040004000400040004000|44444444444444444444444|00040004000400040004000|00040004000400040004000|00040004000400040004000|44444444444444444444444|00040004000400040004000|00040004000400040004000|00040004000400040004000|44444444444444444444444|00040004000400040004000|00040004000400040004000|00040004000400040004000|
3ed85e70_0, |000000000000000000000000000000|008800000000000000000000000000|008200000000000000000000000000|000000000000008800000088000000|000000000000008200000082000000|000000000000000000000000000000|000000000000000000000000004400|000000000660000000000000004400|000000000660000000088800000000|000000000000000000088800000000|000000000000000000088800000000|000006000000000000000000000000|000000000000000000000000000000|000000000000000000000000880000|000000000000000220000000820000|000000000000000220000000000000|000000000000000000000000000000|000000000000000000000000000000|000007000000000000000066000000|000000000000000000000066000000|000000000000000000000000000000|000000000000000000000000000000|333333333333333333333333333333|333883333333333333333333333333|333822333333111333333333333333|333322833333161333333314333333|333338833333111333333341333333|333333333333333333333333333333|333333333333333333333333333333|333333333333333333333333333333|
9c56f360_0, |08|88|88|08|
73c3b0d8_0, |00000|00000|00000|00000|00000|00000|00000|
e95e3d8e_0, |1313131313131313131313|3711735537117355371173|1111111111111111111111|3113755731137557311375|1717171717171717171717|3315775133157751331577|1515151515151515151515|3517715335177153351771|1313131313131313131313|3711735537117355371173|1111111111111111111111|3113755731137557311375|1717171717171717171717|3315775133157751331577|1515151515151515151515|3517715335177153351771|1313131313131313131313|3711735537117355371173|1111111111111111111111|3113755731137557311375|1717171717171717171717|3315775133157751331577|
d4b1c2b1_0, |000|000|000|
8cb8642d_0, |2|
bc4146bd_0, |0000|0000|0000|0000|
64a7c07e_0, |000000000000|000000000000|000000000000|000000000000|000000000000|000000000000|000000000000|000000000000|000000000000|000000000000|000000000000|000000000000|
22a4bbc2_0, |88800|11108|80111|18880|88800|11108|80088|01111|11118|88811|00088|81110|88880|11001|
3391f8c0_0, |00000000000000|00000000000000|00000000000000|00000000000000|00000000000000|00000000000000|00000000000000|00000000000000|00000000000000|00000000000000|00000000000000|
e9c9d9a1_0, |333333333333333|333333333333333|333333333333333|333333333333333|333333333333333|333333333333333|333333333333333|333333333333333|333333333333333|333333333333333|333333333333333|333333333333333|333333333333333|333333333333333|333333333333333|
fc754716_0, |0000000|0000000|0000000|0000000|0000000|0000000|0000000|0000000|0000000|
9b365c51_0, |010302040607088800|008880000001030204|060708880088888000|880103020406070888|008800088888010302|040607000088880008|888801030204060700|
896d5239_0, |0011100100010010|1010131101010011|1110001110000011|1011000301031011|0103100301101010|0111103030011110|1101101113100011|0000011110000010|1101001010011010|1101111001101100|0013001101030000|0000013000113011|0100100003011301|0011101000311030|0101011000011001|
281123b4_0, |8880|3505|5390|0030|
ca8de6ea_0, |00000|00000|00000|00000|00000|
7953d61e_0, |0000|0000|0000|0000|
f21745ec_0, |55555555|50005500|00055000|55555555|55555555|
639f5a19_0, |00000000000000000000000|00000000000000000000000|00000000000000000000000|00000000000000000000000|00000000000000000000000|00000000000000000000000|00000000000000000000000|00000000000000000000000|00000000000000000000000|00000000000000000000000|00000000000000000000000|00000000000000000000000|00000000000000000000000|00000000000000000000000|00000000000000000000000|00000000000000000000000|00000000000000000000000|00000000000000000000000|00000000000000000000000|00000000000000000000000|00000000000000000000000|00000000000000000000000|00000000000000000000000|
94be5b80_0, |0|0|0|
0b17323b_0, |100000000000001|000000000000000|000000000000000|000100000001000|000000000000000|000000000000000|000000101000000|000000000000000|000000101000000|000000000000000|000000000000000|000100000001000|000000000000000|000000000000000|100000000000001|
9f27f097_0, |888888888888|811128888888|811218888888|812228888888|888888888888|888888888888|888888888888|888888888888|888888888888|881112888888|881121888888|881222888888|
a3f84088_0, |0000000000000000000000000|0000005550000500000000000|0000000000050000500000000|0000000000000050055555555|5555555555555555550000500|0000000000000000000050000|5000000000000000000000050|0005000000000000000000000|0500005000000000000000000|0000500005000000000000000|0000000500005000000000000|0000000000500005000000000|0000000000000500005000000|0000000000000000500005000|0000000000000000000500005|0000000000000000000000500|0050000000000000000000000|5000050000000000000000000|0005000050000000000000000|0000005000050000000000000|0000000005000050000000000|0000000000005000050000000|0000000000000005000050000|0000000000000000005000050|0000000000000000000005000|
b7fb29bc_0, |000000000000000|000000000000000|000333333333000|003333333333300|003333333333300|003330000033300|003330000033300|003330000033300|003330000033300|003330000033300|003333333333300|003333333333300|000333333333000|000000000000000|000000000000000|
d19f7514_0, |3303|0303|0003|3303|3033|0333|
55783887_0, |0000000000000000|0000000000000000|0000000000000000|0000000000000000|0000000000000000|0000000000000000|0000000000000000|0000000000000000|0000000000000000|0000000000000000|0000000000000000|0000000000000000|0000000000000000|0000000000000000|0000000000000000|0000000000000000|0000000000000000|0000000000000000|0000000000000000|
67b4a34d_0, |4719|6715|4751|5177|
fe9372f3_0, |000|000|000|
e78887d1_0, |000000000000000|003010551203001|003010500000000|000000002030110|022000055003011|000000000000000|000000000000000|
a680ac02_0, |3333|3333|3333|3333|
c97c0139_0, |0000000000000000000|0000000000000000000|0000000000000000000|0000000000000020000|0000002000000000000|0222222000000020000|0000002000000000020|0000000002000000000|0200000000002000000|0000200000000002000|0002222222222000000|0000000000000000002|2222222222222222220|0000000000000002000|
af22c60d_0, |885989585655225665225565859895|899889856656252662526566589889|599999855525622222265255589999|989998985656622222266565898999|889988892266256226526622988899|999885892522525665252252985889|588988555222652662562225558898|855899596622266666622266959985|565522561722117227112271652255|665625267117117227117117625265|552562222127711771177212222652|565662222777277227727772222665|226625621172177777712711265266|252252561117711221177111652522|522265267717711221177177625622|662226662272722112272722666222|662226662272722112272722666222|522265267717711221177177625622|252252561117711221177111652522|226625621172177777712711265266|565662222777277227727772222665|552562222127711771177212222652|665625267117117227117117625265|565522561722117227112271652255|855899596622266666622266959985|588988555222652662562225558898|999885892522525665252252985889|889988892266256226526622988899|989998985656622222266565898999|599999855525622222265255589999|
0a2355a6_0, |000000000000000|000000000000000|000000000000000|000000000000000|000000000000000|000000000000000|000000000000000|000000000000000|000000000000000|000000000000000|000000000000000|000000000000000|000000000000000|000000000000000|
9b4c17c4_0, |12218|12181|11182|28228|88888|88888|88888|88888|88812|21812|
9b4c17c4_1, |888888888|888888888|888888888|888888888|888888888|
90347967_0, |000000000|000000000|000000000|000000000|000000000|800050000|033200000|032200000|100000000|
ef26cbf6_0, |0004000|0604060|0004000|4444444|0004000|0204020|0004000|4444444|0004000|0804080|0004000|
f9d67f8b_0, |488857417516999999936157147588|448875147761999999941677415788|884841578675999999945768751484|864414756877999999967786574144|855348883446999999986443888435|583544884362999999922634884453|538568484611999999931164848658|355888446281999999951826448885|778634463223886336883223644368|576843622331883663881332263486|167746184232638888362324816477|615762112423368888633242112675|344682354887321331237884532864|436268538478233223328748358626|461184828748423223248478284811|628148687884242332424887868418|628148687884242332424887868418|461184828748423223248478284811|436268538478233223328748358626|344682354887321331237884532864|615762112423368888633242112675|167746184232638888362324816477|576843622331883663881332263486|778634463223886336883223644368|355888446281532882351826448885|538568484611358668531164848658|583544884362284884822634884453|855348883446868448686443888435|864414756877621111267786574144|884841578675461881645768751484|
770cc55f_0, |777770|000000|000000|000000|022222|000000|000000|000000|000770|077777|000000|000000|000000|
1a2e2828_0, |0000000300000|0000300000000|0300000000000|0000000030000|0000000000000|0000000000000|0000000003000|0000003000000|0003000000000|0000000000300|0000000000000|
99306f82_0, |0000000000000000000|0000111111111111100|0000111111111111110|0000100000000000110|0000100000000000110|0000000000000000000|0001000000000000000|0010000000000000000|0100000000000000000|1000000000000000001|0000000000000000010|0000000000000000100|0000000000000001000|0001111111111110000|0700000000000100008|0000000000001000900|0030001111111111111|0020000000000000000|
1da012fc_0, |3|
b0722778_0, |000000000|000000000|000000000|000000000|000000000|000000000|000000000|000000000|
782b5218_0, |9990000000|9990900900|9000909000|0099909000|0222022292|2202229222|9009990990|0000909009|0990000990|9090090900|
2f0c5170_0, |000000000000000|002000008880000|088880404088880|444088880420088|880444088884040|888800000800000|000000000000200|000888000008888|040408888044408|888042008888044|408888404088880|000080000000000|000000020000088|800000888804040|
11e1fe23_0, |000000000|000000009|000000900|000800000|030000000|000000000|000000000|000000000|000000000|
cb227835_0, |00000800|80000000|00000000|08000000|00000000|00000000|00000000|00000000|00000000|00000000|00000000|00000000|
e88171ec_0, |777777777777777777777|777777777777777777777|777777777777777777777|777777777777777777777|777777777777777777777|777777777777777777777|777777777777777777777|777777777777777777777|777777777777777777777|777777777777777777777|777777777777777777777|777777777777777777777|777777777777777777777|777777777777777777777|777777777777777777777|777777777777777777777|777777777777777777777|777777777777777777777|777777777777777777777|777777777777777777777|777777777777777777777|
93b4f4b3_0, |222|222|222|
9def23fe_0, |0000000000000000000|0000000010000000000|0000000000000000000|0000000000000000000|0000100000000001000|0000000000000000000|0000000000000022222|2200010000000002222|2220000000000000222|2222000000000000022|2222200000000000022|2222200000000100002|2222220000000000000|2222222000000000010|0000000000000000000|0000000000000000000|0000000000000000000|0000100001000000000|
de493100_0, |99|39|88|18|61|89|69|89|94|44|
5a5a2103_0, |000000000000000000000000|000000000000000000000000|000000000000000000000000|000000000000000000000000|000000000000000000000000|000000000000000000000000|000000000000000000000000|000000000000000000000000|000000000000000000000000|000000000000000000000000|000000000000000000000000|000000000000000000000000|000000000000000000000000|000000000000000000000000|000000000000000000000000|000000000000000000000000|000000000000000000000000|000000000000000000000000|000000000000000000000000|000000000000000000000000|000000000000000000000000|000000000000000000000000|000000000000000000000000|000000000000000000000000|
85b81ff1_0, |66066066066066|60066060066060|66066066066066|66060066060060|66066066066066|66066066060060|66066066066066|66060066060060|66066066066066|66060066060066|66066066066066|60066066060066|66066066066066|
12422b43_0, |00500|00500|00500|20000|
963f59bc_0, |000000000000|000000030000|001000000000|000011000000|000001011060|000000000160|000000000000|000000000000|000000000000|
f5aa3634_0, |0000000000000|0000000000000|0000000000000|0000000000000|0000000000000|0000000000000|0000000000000|0000000000000|0000000000000|0000000000000|0000000000000|0000000000000|0000000000000|
4f537728_0, |88088088088088088088|00000000000000000000|88088088088088088088|88088088088088088088|00000000000000000000|88088088088088088088|88088088088088088088|00000000000000000000|88088088088088088088|88088088088088088088|00000000000000000000|88088088088088088088|88088088088088088088|00000000000000000000|88088088088088088088|88088088088088088088|00000000000000000000|88088088088088088088|88088088088088088088|00000000000000000000|
20981f0e_0, |000000200|000200202|200000002|000002002|022000000|020000020|020220000|000200000|200202200|000002000|002002022|
29700607_0, |05048584050|50000000005|00000000000|40000000004|80000000008|50000000005|80000000008|40000000004|00000000000|50000000005|05048584050|
c62e2108_0, |00000000000000000|00000000000000000|00000000000000000|00000000000000000|00000000000000000|00000000000000000|00000000000000000|00000000000000000|00000000000000000|00000000000000000|00000000000000000|00000000000000000|00000000000000000|00000000000000000|00000000000000000|00000000000000000|00000000000000000|00000000000000000|00000000000000000|00000000000000000|00000000000000000|00000000000000000|00000000000000000|00000000000000000|
0bb8deee_0, |0000000000000|0000000000000|0000000000000|0000000000000|0000000000000|0000000000000|0000000000000|0000000000000|0000000000000|0000000000000|0000000000000|0000000000000|0000000000000|0000000000000|
0becf7df_0, |8900000000|2400099000|0008889000|0002889000|0002420000|0002240000|0002440000|0009440000|0000040000|0000000000|
68b67ca3_0, |77371|01140|00370|00131|01437|
60a26a3e_0, |00000000000|00000002000|00202000002|00020202000|02000020200|00000000000|00000200000|
423a55dc_0, |0000000000000|0000000000000|0000000000000|0000000000000|0000000000000|0000000000000|0000000000000|0000000000000|0000000000000|0000000000000|0000000000000|
3490cc26_0, |00000000000000000000|00000008800880008800|88000000008800880008|80088000000880000800|00220000880000800002|20000880000000000000|00880000880880000088|08808800088088000008|80880880000000808088|80000000000008080888|00000000000000000000|00000000000000000000|00000000000000000088|80888080000000000008|88088808000000088000|00008808808800880000|00088088088000880000|00000000000000088220|
e99362f0_0, |7700|4099|0700|0409|0907|
5af49b42_0, |000000000000000000|000000000000000000|000000000000000000|000000000000000000|000000000000000000|000000000000000000|000000000000000000|000000000000000000|000000000000000000|000000000000000000|000000000000000000|000000000000000000|000000000000000000|000000000000000000|000000000000000000|000000000000000000|000000000000000000|
0a1d4ef5_0, |777777777777777|777777777777777|777777777777777|777777777777777|777777777777777|777777777777777|777777777777777|777777777777777|777777777777777|777777777777777|777777777777777|
1e81d6f9_0, |000500000000000|010500001000000|000501000080007|555500600000000|000000000400620|000000900000000|000108700000010|000070072000000|000004100066000|000000008000000|000000000009000|000000009000000|000000000400020|000100000000000|000090000007000|
84f2aca1_0, |000000000000|000000000000|000000000000|000000000000|000000000000|000000000000|000000000000|000000000000|000000000000|000000000000|000000000000|
6f473927_0, |000000|000002|000020|
94414823_0, |0000000000|0100000090|0055555500|0050000500|0050000500|0050000500|0050000500|0055555500|0900000010|0000000000|
8b28cd80_0, |6|
8b28cd80_1, |3|
4e469f39_0, |5555555555|5555555555|5555555555|5555555555|5555555555|5555555555|5555555555|5555555555|5555555555|5555555555|
33b52de3_0, |00000000000000000000000|00000000000000000000000|02122000000000000000000|08144000000000000000000|03144000000000000000000|08131000000000000000000|08111000000000000000000|00000000000000000000000|00000000000000000000000|00000000000000000000000|00000000000000000000000|00000000000000000000000|00000000000000000000000|00000000000000000000000|00000000000000000000000|00000000000000000000000|00000000000000000000000|00000000000000000000000|00000000000000000000000|00000000000000000000000|00000000000000000000000|00000000000000000000000|00000000000000000000000|
b0f4d537_0, |0404040|5020202|0000000|0532333|2300000|0050202|0200000|
d47aa2ff_0, |0000400000|5000000000|0090000000|0509000040|0000040009|0050004000|9000000000|0005000000|0000000900|7000500090|
e2092e0c_0, |073500000003540|103520100000000|100560099050009|555500210030000|300311505200500|409200102000000|002000954000055|070005570010001|000307370000700|000000090005000|000030003407302|022000000010300|005222000010020|003005470000035|200171000220004|
903d1b4a_0, |1828979779798281|8811791111971188|2112919999192112|8128719999178218|9797868668687979|7911646886461197|9199866666689919|7199686886869917|7199686886869917|9199866666689919|7911646886461197|9797868668687979|8128719999178218|2112919999192112|8811791111971188|1828979779798281|
79369cc6_0, |111100111101110|011111111111111|111111111111111|111110110111168|111111111161100|111100111101110|011111111111111|111111111111111|111110110111168|111111111161100|111100111101110|011111111111111|111111111111111|111110110111168|111111111161100|111100111101110|
47996f11_0, |544811558513838888383158551184|488811585137388228837315851188|485255221321883883881231225525|882558233718828888288173328552|115512438388729559278838342155|115822343882275995722883432285|552243778838954334598388773422|582334778288593333958828774332|851383882157452222547512883831|513738821571552992551751288373|132188385799225555229975838812|371882887194295555924917882881|838872954522435775342254592788|388227595529317337139255957228|883895432255571771755522345983|828859332955737117375592339588|828859332955737117375592339588|883895432255571771755522345983|388227595529317337139255957228|838872954522435775342254592788|371882887194295555924917882881|132188385799225555229975838812|513738821571552992551751288373|851383882157452222547512883831|582334778288593333958828774332|552243778838954334598388773422|115822343882275995722883432285|115512438388729559278838342155|882558233718828888288173328552|485255221321883883881231225525|
97239e3d_0, |00000000000000000|08884888088828880|08280828082808280|08882888088808880|04020000040000020|08880888088808880|08280828082808280|08880888088848880|00000000000000000|08884888088808880|08280828082808280|08880888088808880|02000004000002040|08880888088828880|08280828082808280|08882888088848880|00000000000000000|
66f2d22f_0, |3030033|0022022|3000330|2000020|
88207623_0, |00000000000000000|00000001024440000|00000002044040000|00444400002444000|00000002040000000|00080024440000000|00000002000400000|00000020040000000|00000204000000007|02444000000000024|40400004200000204|00040200000000000|00442030000000000|00000000000000000|
15696249_0, |000|000|000|
642d658d_0, |0|
bb52a14b_0, |0080008000001001000080|0001001881000088000100|0080088000181008000100|0880800000000000000000|0010001000100000000000|0008000000018011000000|0000000000000010100000|0000100000000010000800|0100484000000080000008|8000488080000080010810|0000414000000000080000|0800011001010000000108|0000001000000000000100|0100000000000000000800|0088800081000000000000|0000000000000800010000|1880000000000880000080|0800810000000100000088|0000000000008000000010|0088000000000100108100|0000000000100001000000|0000000008010808101000|
d492a647_0, |55555555555555555|55555505555555000|00000000555500000|00000055550000020|00005500000000000|55000000000005000|00000000550000000|00055500000000000|55000000000005555|05555555555555555|55555555555555555|55555555505555555|00000000000555500|00000000055550000|02000005500000000|
604001fa_0, |0000000000|0000000000|0000000000|0000000000|0000000000|0000000000|0000000000|0000000000|0000000000|0000000000|0000000000|
f0afb749_0, |44|40|44|
2072aba6_0, |555|555|
09c534e7_0, |1111100000000001110000000000|0000000000000000000000000000|0000000000000000000000000000|0000000000000000000000000000|0000000000000000001160000000|0000001110000000000000000000|0000001111100011110000000181|1100000000111110000000000000|0000000000000000000000000000|0001110000000000000000000011|0000000000000000000000000000|0000000000000000000000000000|0000000000000000000000000000|1141000000000000001111100000|0000000000000000000000000001|1111000000000011100000000000|0000000000000000000000000000|0000000000000000000000000000|0000000000000000000000000000|0000000000000000011600000000|0000011100000000000000000000|0000011111000111100000001811|1000000001111100000000000000|0000000000000000000000000000|0011100000000000000000000110|0000000000000000000000000000|0000000000000000000000000000|0000000000000000000000000001|1410000000000000011111000000|
ac2e8ecf_0, |000|000|000|000|
7c8af763_0, |5155555515|0050050000|0050010000|5555155215|0020020000|0050050000|2555255125|0010020000|0050050000|5255551551|
f9a67cb5_0, |00000020000000|00000000000008|00000000000000|88800000000000|00000000000000|00088000000000|00000000000000|00000888000000|00000000888888|88888888000000|00000000000000|
96a8c0cd_0, |00000000000000000000000|00000000000000000000000|00000000000000000000000|00000000000000000000000|00000000000000000000000|00000000000000000000000|00000000000000000000000|00000000000000000000000|00000000000000000000000|00000000000000000000000|00000000000000000000000|00000000000000000000000|
37d3e8b2_0, |0000000000000000|0000000000000000|0000000000000000|0000000000000000|0000000000000000|0000000000000000|0000000000000000|0000000000000000|0000000000000000|0000000000000000|0000000000000000|0000000000000000|0000000000000000|0000000000000000|0000000000000000|0000000000000000|
b9630600_0, |000000000000000000000000000000|000000000000000000000000000000|000000000000000000000000000000|000000000000000000000000000000|000000000000000000000000000000|000000000000000000000000000000|000000000000000000000000000000|000000000000000000000000000000|000000000000000000000000000000|000000000000000000000000000000|000000000000000000000000000000|000000000000000000000000000000|000000000000000000000000000000|000000000000000000000000000000|000000000000000000000000000000|000000000000000000000000000000|000000000000000000000000000000|000000000000000000000000000000|000000000000000000000000000000|000000000000000000000000000000|000000000000000000000000000000|000000000000000000000000000000|000000000000000000000000000000|000000000000000000000000000000|000000000000000000000000000000|000000000000000000000000000000|000000000000000000000000000000|000000000000000000000000000000|000000000000000000000000000000|000000000000000000000000000000|
50aad11f_0, |000000000|000000000|060000000|000003000|000060000|000006600|000000000|000000000|000000000|000060000|000000000|000000666|070000000|000000000|000000000|000000000|
c658a4bd_0, |000000000000000|000000000000000|000000000000000|000000000000000|000000000000000|000000000000000|000000000000000|000000000000000|000000000000000|000000000000000|000000000000000|000000000000000|000000000000000|000000000000000|000000000000000|000000000000000|000000000000000|
d304284e_0, |0000000000000000000000000000|0000000000000000000000000000|0000000000000000000000000000|0000000000000000000000000000|0000000000000000000000000000|0000000000000000000000000000|0000000000000000000000000000|0007000000000000000000007000|0007000000000000000000007000|0070700000000000000000070700|0007000000000000000000007000|0007000000000000000000007000|0007000000000000000000007000|0070700000000000000000070700|0007000000000000000000007000|0007000000000000000000007000|0000000000000000000000000000|0000000000000000000000000000|0000000000000000000000000000|0000000000000000000000000000|0000000000000000000000000000|0000000000000000000000000000|0000000000000000000000000000|
67c52801_0, |00000000000|00000000000|00000000000|00000000000|00000000000|00000000000|00000000000|
17cae0c1_0, |000005555|000050000|555500000|
a934301b_0, |111111111111|111111111111|111111111111|111111111111|111111111111|111111111111|111111111111|111111111111|111111111111|111111111111|111111111111|
e619ca6e_0, |0000000000000|0000000000000|0000000000000|0000000000000|0000000000000|0000000000000|0000000000000|0000000000000|0000000000000|0000000000000|0000000000000|0000000000000|0000000000000|
2c0b0aff_0, |00000000000000000000000|00000000000000000000000|00000000000000000000000|00000000000000000000000|00000000000000000000000|00000000000000000000000|00000000000000000000000|00000000000000000000000|00000000000000000000000|00000000000000000000000|00000000000000000000000|00000000000000000000000|00000000000000000000000|00000000000000000000000|00000000000000000000000|00000000000000000000000|00000000000000000000000|00000000000000000000000|00000000000000000000000|00000000000000000000000|00000000000000000000000|00000000000000000000000|
ea959feb_0, |7311374347311374347311374|8422485458422485458422485|9533596569533596569533596|1644617671644617671644617|2755728782755728782755728|3866839893866839893866839|4977941914977941914977941|5188152125188152125188152|6299263236299263236299263|7311374347311374347311374|8422485458422485458422485|9533596569533596569533596|1644617671644617671644617|2755728782755728782755728|3866839893866839893866839|4977941914977941914977941|5188152125188152125188152|6299263236299263236299263|7311374347311374347311374|8422485458422485458422485|9533596569533596569533596|1644617671644617671644617|
0692e18c_0, |333|333|333|
642248e4_0, |000000000000000010|000000000100000000|000000000000000001|000000000000000000|010000010000000000|000000000000000000|000001000000000000|000000000000000010|000000000000000000|100000000000000000|000000100000000000|000000000000000001|000000100000000000|000000001000000000|000000001000000000|010000000000000000|
a096bf4d_0, |22222222222|
1c56ad9f_0, |000000000000000|000077777770000|000070070070000|000070070070000|000070070070000|000070070070000|000070070070000|000070070070000|000070070070000|000070070070000|000070070070000|000070070070000|000070070070000|000077777770000|000000000000000|
b1fc8b8e_0, |88888|88888|88888|88888|88888|
b1fc8b8e_1, |888888|888888|888888|888888|
